ei	numCTs	gene_symbol	numVariantsAssociatedToGene	pli	geneDescription	year_initial	year_final	numberChemsIncludedInEvidence	num_pmids_evid	numDiseasesAssociatedToGene	num_pmid_assoc	score	dsi	dpi	num_var_dis
0.8893913043478261	215	LEP	93	0.0070036	leptin	1973	2025		226	1584	2875	1.0	0.32	0.96	12
0.8651191969887077	177	INS	75	0.019763	insulin	1966	2026		179	1514	1594	1.0	0.32	0.96	4
0.9038876889848813	8	FTO	573	1.1171E-10	FTO alpha-ketoglutarate dependent dioxygenase	2007	2025		15	645	926	1.0	0.41	0.91	260
0.8775757575757576	146	TNF	36	0.85687	tumor necrosis factor	1992	2025		68	3959	825	1.0	0.23	1.0	5
0.8953804347826086	245	CRP	12	5.414E-4	C-reactive protein	1997	2025		82	3121	736	1.0	0.25	1.0	6
0.8983516483516484	11	MC4R	133	2.0768E-5	melanocortin 4 receptor	1997	2025		33	229	728	1.0	0.51	0.83	103
0.8910741301059002	187	IL6	39	0.19935	interleukin 6	1997	2025		54	3900	661	1.0	0.23	1.0	8
0.8847457627118644	17	LEPR	177	8.8607E-5	leptin receptor	1966	2025		20	607	590	1.0	0.41	0.91	25
0.8998211091234347	56	ADIPOQ	45	3.5736E-9	adiponectin, C1Q and collagen domain containing	1998	2025		26	795	559	1.0	0.38	0.96	23
0.9230769230769231	6	PPARG	318	0.21172	peroxisome proliferator activated receptor gamma	1997	2025		56	1218	559	1.0	0.35	0.96	26
